{
  "fixed_throw": [
    "人工",
    "租金",
    "设备",
    "电费",
    "苗种",
    "临时人工",
    "其他"
  ],
  "seed_name": [
    "蟹苗",
    "鱼苗",
    "虾苗",
    "其他"
  ],
  "seed_brand": [
    "长江二号",
    "花鲢",
    "青鱼"
  ],
  "feed_name": [
    "消毒",
    "杀虫",
    "肥水",
    "调水",
    "微生物制剂",
    "其他"
  ],
  "feed_content": [
    "豆饼、颗粒饲料1:1",
    "豆粕、花生饼、螺蛳 4:2:1",
    "冰鲜鱼、花生饼、螺蛳 2:1:1",
    "冰鲜鱼、颗粒饲料3:1",
    "颗粒饲料"
  ],
  "medicine_name": [
    "生物底改素",
    "应激解毒灵",
    "解毒护水宝",
    "速效底改",
    "黑精底改",
    "精制底居安",
    "亚硝克星",
    "降亚除氨类",
    "益生粒粒氧",
    "益生大利氧",
    "肥水素",
    "鲢鳙肥",
    "贝类肥",
    "氨基酸肥水素",
    "氨基酸肥水液",
    "鱼水乐",
    "虾蟹可乐"
  ],
  "observe_name":[
    "脱壳",
    "吃饵",
    "水色",
    "水草",
    "其他"
  ],
  "observe_content": [
    "一次脱壳",
    "二次脱壳",
    "三次脱壳",
    "四次脱壳",
    "饵料有少量残留",
    "饵料有大量残留",
    "能见度低",
    "能见度高",
    "水草密度适宜",
    "水草密度过大",
    "水草密度过小",
    "藻类被吃光"
  ],

  "buy_name":[
    "饵料",
    "药品",
    "藻类水草",
    "水质调节剂",
    "电费",
    "临时人工",
    "其他"
  ],
  "sale_name": [
    "螃蟹",
    "青虾",
    "鱼",
    "其他"
  ]
}