[
  {
    "id": 1,
    "type": "工控机自定义终端（485接口）",
    "manu": "jit",
    "products": ["gongkong"],
    "desc": "工控机+各类485传感器"
  },
  {
    "id": 2,
    "type": "矽递LoRa固定终端",
    "manu": "seeed",
    "products": ["air_temphumi","soid_temphumi","soil_tds","illu","co2","par","windspeed"],
    "desc": "LoRa固定式终端：支持seeed各类终端"
  },
  {
    "id": 3,
    "type": "农芯固定终端",
    "manu": "nongxin",
    "products": ["EP400"],
    "desc": "农芯固定式终端：农芯EP400终端六个环境指标"
  },
  {
    "id": 4,
    "type": "易通LoRa固定终端",
    "manu": "easycomm",
    "products": ["AQ20","LD10-WT"],
    "desc": "LoRa固定式终端：支持easycomm水质和气象站终端"
  }
]
